{
    "accel_mean": [
        0.03292947368420845,
        -0.03890842105262615,
        -0.019824210526315677
    ],
    "accel_std": [
        0.525342091327946,
        0.5194719160968118,
        0.707304364354538
    ],
    "gyro_mean": [
        -1.3003978947368613,
        0.011058947368409358,
        0.051692105263181735
    ],
    "gyro_std": [
        48.513084571284075,
        56.630786308149915,
        40.67730196617555
    ],
    "mag_mean": [
        -34.47094736842105,
        29.44242105263158,
        -3.3796842105263156
    ],
    "mag_std": [
        101.21319499035208,
        65.24522205077456,
        84.5770993510467
    ]
}